TimeCreated,EventID,User,Description
2024-12-01 10:34:56,4720,Admin,User account created.
2024-12-01 11:00:00,4732,Admin,User added to Administrators group.
2024-12-01 12:15:45,4723,TestUser1,Password change failed.
2024-12-01 13:00:30,4720,HRAdmin,User account created.
2024-12-01 14:25:10,4732,ITAdmin,User added to Domain Admins group.
2024-12-01 08:34:00,4723,HRAdmin,Password change failed.
2024-12-01 13:13:00,4720,Admin,User account created.
2024-12-02 00:54:00,4720,Admin,User account created.
2024-12-02 00:56:00,4723,Admin,Password change failed.
2024-12-02 06:34:00,4723,HRAdmin,Password change failed.
2024-12-02 04:28:00,4720,TestUser1,User account created.
2024-12-01 18:31:00,4723,Admin,Password change failed.
2024-12-02 00:35:00,4723,SupportAdmin,Password change failed.
2024-12-01 16:17:00,4723,ITAdmin,Password change failed.
2024-12-01 08:14:00,4723,ITAdmin,Password change failed.
2024-12-01 12:26:00,4720,HRAdmin,User account created.
2024-12-01 09:09:00,4720,ITAdmin,User account created.
2024-12-02 07:18:00,4720,TestUser1,User account created.
2024-12-02 05:09:00,4732,Admin,User added to Administrators group.
2024-12-01 13:35:00,4723,HRAdmin,Password change failed.
2024-12-01 21:49:00,4723,TestUser1,Password change failed.
2024-12-02 01:42:00,4720,ITAdmin,User account created.
2024-12-01 15:08:00,4732,HRAdmin,User added to Administrators group.
2024-12-02 04:20:00,4720,Admin,User account created.
2024-12-01 18:54:00,4723,HRAdmin,Password change failed.
2024-12-01 16:15:00,4732,SupportAdmin,User added to Administrators group.
2024-12-01 08:55:00,4732,HRAdmin,User added to Administrators group.
2024-12-01 22:57:00,4723,TestUser1,Password change failed.
2024-12-01 22:17:00,4723,TestUser1,Password change failed.
2024-12-01 09:45:00,4732,ITAdmin,User added to Administrators group.
2024-12-01 14:09:00,4720,TestUser1,User account created.
2024-12-01 19:36:00,4723,HRAdmin,Password change failed.
2024-12-01 15:16:00,4732,TestUser1,User added to Administrators group.
2024-12-02 02:17:00,4732,TestUser1,User added to Administrators group.
2024-12-02 06:26:00,4723,TestUser1,Password change failed.
2024-12-01 09:12:00,4723,TestUser1,Password change failed.
2024-12-02 03:31:00,4720,ITAdmin,User account created.
2024-12-02 01:04:00,4723,Admin,Password change failed.
2024-12-01 18:00:00,4720,ITAdmin,User account created.
2024-12-01 08:24:00,4732,TestUser1,User added to Administrators group.
2024-12-02 02:48:00,4723,Admin,Password change failed.
2024-12-01 16:18:00,4723,SupportAdmin,Password change failed.
2024-12-01 17:25:00,4732,Admin,User added to Administrators group.
2024-12-01 23:49:00,4732,HRAdmin,User added to Administrators group.
2024-12-01 11:47:00,4720,SupportAdmin,User account created.
2024-12-01 15:09:00,4720,HRAdmin,User account created.
2024-12-01 16:26:00,4720,Admin,User account created.
2024-12-02 04:48:00,4732,TestUser1,User added to Administrators group.
2024-12-02 04:23:00,4723,HRAdmin,Password change failed.
2024-12-02 06:40:00,4720,HRAdmin,User account created.
2024-12-01 13:09:00,4723,SupportAdmin,Password change failed.
2024-12-01 13:56:00,4723,ITAdmin,Password change failed.
2024-12-02 04:39:00,4723,Admin,Password change failed.
2024-12-02 07:49:00,4732,SupportAdmin,User added to Administrators group.
2024-12-01 22:04:00,4732,ITAdmin,User added to Administrators group.
2024-12-01 20:05:00,4720,ITAdmin,User account created.
2024-12-01 17:04:00,4723,ITAdmin,Password change failed.
2024-12-01 23:12:00,4720,SupportAdmin,User account created.
2024-12-01 14:55:00,4723,Admin,Password change failed.
2024-12-01 08:47:00,4732,Admin,User added to Administrators group.
2024-12-01 09:14:00,4732,HRAdmin,User added to Administrators group.
2024-12-02 05:33:00,4723,TestUser1,Password change failed.
2024-12-01 23:44:00,4723,TestUser1,Password change failed.
2024-12-01 08:19:00,4732,ITAdmin,User added to Administrators group.
2024-12-02 01:38:00,4732,TestUser1,User added to Administrators group.
2024-12-02 00:12:00,4720,Admin,User account created.
2024-12-01 12:39:00,4723,Admin,Password change failed.
2024-12-02 01:09:00,4720,HRAdmin,User account created.
2024-12-02 00:28:00,4723,TestUser1,Password change failed.
2024-12-01 13:01:00,4732,SupportAdmin,User added to Administrators group.
2024-12-01 16:07:00,4720,ITAdmin,User account created.
2024-12-02 02:36:00,4732,TestUser1,User added to Administrators group.
2024-12-01 08:30:00,4723,TestUser1,Password change failed.
2024-12-01 09:38:00,4732,HRAdmin,User added to Administrators group.
2024-12-01 20:06:00,4732,Admin,User added to Administrators group.
2024-12-01 14:39:00,4732,ITAdmin,User added to Administrators group.
2024-12-02 00:39:00,4732,ITAdmin,User added to Administrators group.
2024-12-01 13:40:00,4723,Admin,Password change failed.
2024-12-02 05:07:00,4723,SupportAdmin,Password change failed.
2024-12-01 21:15:00,4720,ITAdmin,User account created.
2024-12-02 07:35:00,4723,HRAdmin,Password change failed.
2024-12-01 22:13:00,4723,HRAdmin,Password change failed.
2024-12-01 13:29:00,4720,HRAdmin,User account created.
2024-12-01 08:16:00,4720,Admin,User account created.
2024-12-01 09:41:00,4720,ITAdmin,User account created.
2024-12-01 15:59:00,4723,Admin,Password change failed.
2024-12-01 14:44:00,4732,TestUser1,User added to Administrators group.
2024-12-02 05:47:00,4732,HRAdmin,User added to Administrators group.
2024-12-02 01:09:00,4720,TestUser1,User account created.
2024-12-01 21:25:00,4723,HRAdmin,Password change failed.
2024-12-01 20:00:00,4723,HRAdmin,Password change failed.
2024-12-01 20:46:00,4723,TestUser1,Password change failed.
2024-12-01 14:54:00,4720,Admin,User account created.
2024-12-02 01:40:00,4720,ITAdmin,User account created.
2024-12-01 13:00:00,4732,ITAdmin,User added to Administrators group.
2024-12-01 11:30:00,4720,SupportAdmin,User account created.
2024-12-01 09:56:00,4720,SupportAdmin,User account created.
2024-12-01 10:32:00,4732,Admin,User added to Administrators group.
2024-12-01 14:45:00,4732,Admin,User added to Administrators group.
2024-12-01 23:22:00,4732,TestUser1,User added to Administrators group.
2024-12-02 02:13:00,4720,SupportAdmin,User account created.
2024-12-01 21:07:00,4732,TestUser1,User added to Administrators group.
2024-12-01 11:56:00,4720,TestUser1,User account created.
2024-12-01 10:51:00,4723,TestUser1,Password change failed.
2024-12-01 10:23:00,4732,Admin,User added to Administrators group.
2024-12-01 11:52:00,4720,HRAdmin,User account created.
2024-12-01 18:21:00,4732,HRAdmin,User added to Administrators group.
2024-12-01 14:40:00,4723,HRAdmin,Password change failed.
2024-12-02 02:41:00,4720,SupportAdmin,User account created.
2024-12-02 04:35:00,4732,SupportAdmin,User added to Administrators group.
2024-12-02 06:17:00,4732,HRAdmin,User added to Administrators group.
2024-12-02 00:45:00,4732,HRAdmin,User added to Administrators group.
2024-12-01 23:18:00,4732,HRAdmin,User added to Administrators group.
2024-12-01 13:06:00,4720,HRAdmin,User account created.
2024-12-01 15:51:00,4732,SupportAdmin,User added to Administrators group.
2024-12-01 12:24:00,4720,SupportAdmin,User account created.
2024-12-01 23:33:00,4720,ITAdmin,User account created.
2024-12-01 12:09:00,4720,SupportAdmin,User account created.
2024-12-02 07:04:00,4720,HRAdmin,User account created.
2024-12-01 17:42:00,4723,TestUser1,Password change failed.
2024-12-02 06:20:00,4732,TestUser1,User added to Administrators group.
2024-12-01 19:57:00,4732,SupportAdmin,User added to Administrators group.
2024-12-01 18:54:00,4723,Admin,Password change failed.
2024-12-02 01:01:00,4732,SupportAdmin,User added to Administrators group.
2024-12-02 01:21:00,4720,Admin,User account created.
2024-12-02 03:40:00,4732,TestUser1,User added to Administrators group.
2024-12-02 03:13:00,4723,HRAdmin,Password change failed.
2024-12-01 23:05:00,4723,Admin,Password change failed.
2024-12-01 21:19:00,4720,SupportAdmin,User account created.
2024-12-01 16:15:00,4732,ITAdmin,User added to Administrators group.
2024-12-02 06:44:00,4720,TestUser1,User account created.
2024-12-02 04:31:00,4732,SupportAdmin,User added to Administrators group.
2024-12-01 15:47:00,4732,TestUser1,User added to Administrators group.
2024-12-01 11:36:00,4720,SupportAdmin,User account created.
2024-12-01 13:20:00,4732,ITAdmin,User added to Administrators group.
2024-12-01 20:53:00,4720,HRAdmin,User account created.
2024-12-01 19:00:00,4723,SupportAdmin,Password change failed.
2024-12-01 21:10:00,4723,TestUser1,Password change failed.
2024-12-02 05:16:00,4720,HRAdmin,User account created.
2024-12-01 22:56:00,4732,Admin,User added to Administrators group.
2024-12-02 02:21:00,4732,TestUser1,User added to Administrators group.
2024-12-02 07:27:00,4732,HRAdmin,User added to Administrators group.
2024-12-01 13:02:00,4732,TestUser1,User added to Administrators group.
2024-12-01 18:31:00,4720,ITAdmin,User account created.
2024-12-01 13:07:00,4720,ITAdmin,User account created.
2024-12-01 10:58:00,4720,ITAdmin,User account created.
2024-12-02 04:34:00,4732,ITAdmin,User added to Administrators group.
2024-12-02 01:15:00,4723,SupportAdmin,Password change failed.
2024-12-01 15:27:00,4720,TestUser1,User account created.
2024-12-02 07:23:00,4723,TestUser1,Password change failed.
2024-12-01 16:26:00,4720,Admin,User account created.
2024-12-01 20:51:00,4723,Admin,Password change failed.
2024-12-01 19:09:00,4723,SupportAdmin,Password change failed.
2024-12-01 16:54:00,4732,HRAdmin,User added to Administrators group.
2024-12-02 06:46:00,4732,TestUser1,User added to Administrators group.
2024-12-01 23:05:00,4732,ITAdmin,User added to Administrators group.
2024-12-01 17:53:00,4723,TestUser1,Password change failed.
2024-12-01 20:40:00,4723,Admin,Password change failed.
2024-12-01 11:42:00,4732,ITAdmin,User added to Administrators group.
2024-12-01 09:25:00,4720,HRAdmin,User account created.
2024-12-02 06:37:00,4723,ITAdmin,Password change failed.
2024-12-01 14:23:00,4723,TestUser1,Password change failed.
2024-12-01 10:07:00,4723,Admin,Password change failed.
2024-12-02 05:03:00,4720,HRAdmin,User account created.
2024-12-01 14:57:00,4723,ITAdmin,Password change failed.
2024-12-01 23:33:00,4723,SupportAdmin,Password change failed.
2024-12-02 05:10:00,4732,TestUser1,User added to Administrators group.
2024-12-01 09:23:00,4732,TestUser1,User added to Administrators group.
2024-12-01 10:39:00,4723,TestUser1,Password change failed.
2024-12-01 23:56:00,4720,Admin,User account created.
2024-12-01 22:08:00,4720,HRAdmin,User account created.
2024-12-01 20:20:00,4732,SupportAdmin,User added to Administrators group.
2024-12-01 19:45:00,4732,ITAdmin,User added to Administrators group.
2024-12-02 06:32:00,4720,TestUser1,User account created.
2024-12-02 02:43:00,4720,HRAdmin,User account created.
2024-12-02 01:12:00,4720,SupportAdmin,User account created.
2024-12-02 02:10:00,4732,Admin,User added to Administrators group.
2024-12-02 02:03:00,4723,TestUser1,Password change failed.
2024-12-01 20:15:00,4732,ITAdmin,User added to Administrators group.
2024-12-01 10:08:00,4720,Admin,User account created.
2024-12-02 04:18:00,4732,TestUser1,User added to Administrators group.
2024-12-02 06:23:00,4732,TestUser1,User added to Administrators group.
2024-12-01 17:14:00,4720,ITAdmin,User account created.
2024-12-01 13:01:00,4720,ITAdmin,User account created.
2024-12-01 10:02:00,4720,TestUser1,User account created.
2024-12-01 11:41:00,4720,ITAdmin,User account created.
2024-12-01 18:03:00,4720,Admin,User account created.
2024-12-01 10:07:00,4720,HRAdmin,User account created.
2024-12-02 01:51:00,4723,TestUser1,Password change failed.
2024-12-01 20:13:00,4720,HRAdmin,User account created.
2024-12-02 05:00:00,4723,ITAdmin,Password change failed.
2024-12-02 00:44:00,4723,HRAdmin,Password change failed.
2024-12-02 02:03:00,4732,TestUser1,User added to Administrators group.
2024-12-02 04:38:00,4732,TestUser1,User added to Administrators group.
2024-12-02 06:55:00,4720,ITAdmin,User account created.
2024-12-01 09:40:00,4720,Admin,User account created.
2024-12-02 03:51:00,4720,HRAdmin,User account created.
2024-12-01 23:22:00,4732,TestUser1,User added to Administrators group.
2024-12-01 14:05:00,4723,TestUser1,Password change failed.
2024-12-01 21:44:00,4732,TestUser1,User added to Administrators group.
2024-12-01 22:38:00,4720,Admin,User account created.
2024-12-01 18:28:00,4720,SupportAdmin,User account created.
2024-12-02 01:45:00,4723,ITAdmin,Password change failed.
2024-12-02 02:00:00,4723,TestUser1,Password change failed.
2024-12-01 15:58:00,4720,TestUser1,User account created.
2024-12-01 17:38:00,4723,ITAdmin,Password change failed.
2024-12-02 03:00:00,4723,TestUser1,Password change failed.
2024-12-01 09:22:00,4723,Admin,Password change failed.
2024-12-01 21:27:00,4732,SupportAdmin,User added to Administrators group.
2024-12-01 15:05:00,4723,HRAdmin,Password change failed.
2024-12-02 02:29:00,4723,TestUser1,Password change failed.
2024-12-01 20:19:00,4720,Admin,User account created.
2024-12-01 21:01:00,4732,ITAdmin,User added to Administrators group.
2024-12-02 01:52:00,4732,TestUser1,User added to Administrators group.
2024-12-02 00:25:00,4732,Admin,User added to Administrators group.
2024-12-01 15:26:00,4723,HRAdmin,Password change failed.
2024-12-02 03:31:00,4720,SupportAdmin,User account created.
2024-12-02 01:32:00,4720,TestUser1,User account created.
2024-12-02 06:17:00,4720,SupportAdmin,User account created.
2024-12-01 10:00:00,4723,ITAdmin,Password change failed.
2024-12-02 07:38:00,4720,HRAdmin,User account created.
2024-12-01 14:57:00,4720,SupportAdmin,User account created.
2024-12-02 00:56:00,4723,SupportAdmin,Password change failed.
2024-12-02 04:40:00,4723,TestUser1,Password change failed.
2024-12-01 22:05:00,4732,Admin,User added to Administrators group.
2024-12-01 21:47:00,4723,TestUser1,Password change failed.
2024-12-01 11:04:00,4720,Admin,User account created.
2024-12-01 11:08:00,4732,HRAdmin,User added to Administrators group.
2024-12-01 14:43:00,4723,SupportAdmin,Password change failed.
2024-12-02 02:58:00,4720,Admin,User account created.
2024-12-01 09:49:00,4723,Admin,Password change failed.
2024-12-01 23:44:00,4720,HRAdmin,User account created.
2024-12-01 10:39:00,4732,TestUser1,User added to Administrators group.
2024-12-01 13:03:00,4723,HRAdmin,Password change failed.
2024-12-02 00:51:00,4723,ITAdmin,Password change failed.
2024-12-01 16:29:00,4732,Admin,User added to Administrators group.
2024-12-02 01:29:00,4732,SupportAdmin,User added to Administrators group.
2024-12-01 13:55:00,4732,HRAdmin,User added to Administrators group.
2024-12-02 00:45:00,4720,ITAdmin,User account created.
2024-12-01 08:06:00,4720,ITAdmin,User account created.
2024-12-01 21:38:00,4732,Admin,User added to Administrators group.
2024-12-01 18:14:00,4732,SupportAdmin,User added to Administrators group.
2024-12-02 01:31:00,4732,TestUser1,User added to Administrators group.
2024-12-01 10:06:00,4723,SupportAdmin,Password change failed.
2024-12-01 10:26:00,4723,TestUser1,Password change failed.
2024-12-01 22:54:00,4720,SupportAdmin,User account created.
2024-12-01 20:03:00,4720,SupportAdmin,User account created.
2024-12-02 03:10:00,4732,Admin,User added to Administrators group.
2024-12-01 18:16:00,4723,ITAdmin,Password change failed.
2024-12-02 00:44:00,4732,Admin,User added to Administrators group.
2024-12-01 16:33:00,4723,SupportAdmin,Password change failed.
2024-12-01 20:55:00,4732,Admin,User added to Administrators group.
2024-12-01 10:53:00,4720,TestUser1,User account created.
2024-12-02 02:31:00,4723,SupportAdmin,Password change failed.
2024-12-01 20:19:00,4732,SupportAdmin,User added to Administrators group.
2024-12-02 04:30:00,4723,ITAdmin,Password change failed.
2024-12-02 04:37:00,4720,Admin,User account created.
2024-12-02 01:10:00,4720,SupportAdmin,User account created.
2024-12-02 07:06:00,4723,TestUser1,Password change failed.
2024-12-02 01:23:00,4720,TestUser1,User account created.
2024-12-01 23:47:00,4720,SupportAdmin,User account created.
2024-12-02 06:54:00,4732,Admin,User added to Administrators group.
2024-12-02 06:59:00,4732,Admin,User added to Administrators group.
2024-12-02 05:33:00,4732,Admin,User added to Administrators group.
2024-12-01 09:35:00,4723,SupportAdmin,Password change failed.
2024-12-01 16:42:00,4732,ITAdmin,User added to Administrators group.
2024-12-01 23:39:00,4720,Admin,User account created.
2024-12-01 21:38:00,4732,SupportAdmin,User added to Administrators group.
2024-12-01 19:18:00,4723,ITAdmin,Password change failed.
2024-12-02 01:29:00,4732,SupportAdmin,User added to Administrators group.
2024-12-02 00:20:00,4723,HRAdmin,Password change failed.
2024-12-01 21:17:00,4732,SupportAdmin,User added to Administrators group.
2024-12-01 21:51:00,4720,SupportAdmin,User account created.
2024-12-02 02:15:00,4720,SupportAdmin,User account created.
2024-12-01 12:10:00,4732,TestUser1,User added to Administrators group.
2024-12-01 09:15:00,4720,TestUser1,User account created.
2024-12-01 10:32:00,4723,SupportAdmin,Password change failed.
2024-12-01 20:14:00,4720,Admin,User account created.
2024-12-01 10:41:00,4720,HRAdmin,User account created.
2024-12-01 11:12:00,4732,HRAdmin,User added to Administrators group.
2024-12-02 04:30:00,4723,TestUser1,Password change failed.
2024-12-01 15:35:00,4723,HRAdmin,Password change failed.
2024-12-01 08:30:00,4732,SupportAdmin,User added to Administrators group.
2024-12-02 01:03:00,4732,SupportAdmin,User added to Administrators group.
2024-12-01 15:51:00,4720,SupportAdmin,User account created.
2024-12-02 04:17:00,4723,TestUser1,Password change failed.
2024-12-02 03:38:00,4732,HRAdmin,User added to Administrators group.
2024-12-01 10:40:00,4732,Admin,User added to Administrators group.
2024-12-01 23:04:00,4723,ITAdmin,Password change failed.
2024-12-01 20:27:00,4720,HRAdmin,User account created.
2024-12-01 21:11:00,4720,ITAdmin,User account created.
2024-12-01 18:23:00,4720,TestUser1,User account created.
2024-12-01 20:29:00,4732,SupportAdmin,User added to Administrators group.
2024-12-02 07:46:00,4720,TestUser1,User account created.
2024-12-01 20:21:00,4732,ITAdmin,User added to Administrators group.
2024-12-01 09:21:00,4732,SupportAdmin,User added to Administrators group.
2024-12-02 00:57:00,4720,SupportAdmin,User account created.
2024-12-02 02:07:00,4723,Admin,Password change failed.
2024-12-02 05:18:00,4720,SupportAdmin,User account created.
2024-12-01 12:26:00,4732,HRAdmin,User added to Administrators group.
2024-12-01 17:03:00,4720,TestUser1,User account created.
2024-12-01 23:19:00,4732,TestUser1,User added to Administrators group.
2024-12-01 20:07:00,4723,Admin,Password change failed.
2024-12-01 17:28:00,4720,TestUser1,User account created.
2024-12-02 00:31:00,4720,ITAdmin,User account created.
2024-12-01 21:26:00,4720,TestUser1,User account created.
2024-12-01 08:01:00,4732,SupportAdmin,User added to Administrators group.
2024-12-02 07:10:00,4720,Admin,User account created.
2024-12-02 00:46:00,4732,Admin,User added to Administrators group.
2024-12-02 07:17:00,4732,ITAdmin,User added to Administrators group.
2024-12-01 20:58:00,4732,HRAdmin,User added to Administrators group.
2024-12-02 07:41:00,4720,ITAdmin,User account created.
2024-12-02 00:24:00,4732,SupportAdmin,User added to Administrators group.
2024-12-01 18:59:00,4723,Admin,Password change failed.
2024-12-01 20:02:00,4732,HRAdmin,User added to Administrators group.
2024-12-01 09:45:00,4720,ITAdmin,User account created.
2024-12-01 17:55:00,4723,HRAdmin,Password change failed.
2024-12-01 17:19:00,4723,HRAdmin,Password change failed.
2024-12-02 02:55:00,4732,HRAdmin,User added to Administrators group.
2024-12-01 18:02:00,4732,ITAdmin,User added to Administrators group.
2024-12-01 22:51:00,4720,TestUser1,User account created.
2024-12-01 08:33:00,4732,Admin,User added to Administrators group.
2024-12-02 07:51:00,4732,SupportAdmin,User added to Administrators group.
2024-12-01 21:36:00,4720,Admin,User account created.
2024-12-01 11:44:00,4732,TestUser1,User added to Administrators group.
2024-12-01 22:47:00,4720,ITAdmin,User account created.
2024-12-01 12:40:00,4723,Admin,Password change failed.
2024-12-01 20:04:00,4723,Admin,Password change failed.
2024-12-02 06:13:00,4720,ITAdmin,User account created.
2024-12-01 13:58:00,4720,HRAdmin,User account created.
2024-12-01 12:38:00,4720,ITAdmin,User account created.
2024-12-02 06:31:00,4720,SupportAdmin,User account created.
2024-12-01 20:15:00,4720,TestUser1,User account created.
2024-12-01 10:14:00,4723,ITAdmin,Password change failed.
2024-12-01 12:44:00,4720,ITAdmin,User account created.
2024-12-01 22:11:00,4723,HRAdmin,Password change failed.
2024-12-02 06:46:00,4723,TestUser1,Password change failed.
2024-12-02 05:35:00,4720,HRAdmin,User account created.
2024-12-01 12:24:00,4732,TestUser1,User added to Administrators group.
2024-12-01 20:15:00,4732,ITAdmin,User added to Administrators group.
2024-12-02 00:42:00,4720,ITAdmin,User account created.
2024-12-01 14:44:00,4720,HRAdmin,User account created.
2024-12-02 07:04:00,4720,HRAdmin,User account created.
2024-12-02 01:39:00,4732,TestUser1,User added to Administrators group.
2024-12-02 07:08:00,4720,ITAdmin,User account created.
2024-12-01 14:36:00,4732,TestUser1,User added to Administrators group.
2024-12-01 12:40:00,4723,HRAdmin,Password change failed.
2024-12-02 07:08:00,4723,SupportAdmin,Password change failed.
2024-12-02 06:40:00,4723,Admin,Password change failed.
2024-12-01 23:04:00,4732,HRAdmin,User added to Administrators group.
2024-12-01 15:44:00,4732,TestUser1,User added to Administrators group.
2024-12-01 15:56:00,4720,TestUser1,User account created.
2024-12-01 08:05:00,4732,SupportAdmin,User added to Administrators group.
2024-12-02 04:56:00,4720,SupportAdmin,User account created.
2024-12-01 09:42:00,4723,TestUser1,Password change failed.
2024-12-01 14:47:00,4720,HRAdmin,User account created.
2024-12-01 22:17:00,4723,ITAdmin,Password change failed.
2024-12-01 11:47:00,4720,Admin,User account created.
2024-12-02 00:40:00,4732,SupportAdmin,User added to Administrators group.
2024-12-01 14:29:00,4732,ITAdmin,User added to Administrators group.
2024-12-01 20:49:00,4723,HRAdmin,Password change failed.
2024-12-01 15:05:00,4720,TestUser1,User account created.
2024-12-01 23:46:00,4732,Admin,User added to Administrators group.
2024-12-01 19:47:00,4732,ITAdmin,User added to Administrators group.
2024-12-01 10:48:00,4723,ITAdmin,Password change failed.
2024-12-01 11:15:00,4720,TestUser1,User account created.
2024-12-02 04:30:00,4720,SupportAdmin,User account created.
2024-12-01 11:24:00,4732,TestUser1,User added to Administrators group.
2024-12-01 08:24:00,4732,HRAdmin,User added to Administrators group.
2024-12-02 03:59:00,4720,SupportAdmin,User account created.
2024-12-01 18:26:00,4732,HRAdmin,User added to Administrators group.
2024-12-01 14:35:00,4732,SupportAdmin,User added to Administrators group.
2024-12-02 01:48:00,4723,TestUser1,Password change failed.
2024-12-02 04:15:00,4723,ITAdmin,Password change failed.
2024-12-02 01:38:00,4732,HRAdmin,User added to Administrators group.
2024-12-01 13:07:00,4723,ITAdmin,Password change failed.
2024-12-01 23:54:00,4732,TestUser1,User added to Administrators group.
2024-12-01 18:25:00,4723,Admin,Password change failed.
2024-12-01 15:50:00,4720,HRAdmin,User account created.
2024-12-01 23:07:00,4723,TestUser1,Password change failed.
2024-12-01 19:09:00,4723,TestUser1,Password change failed.
2024-12-02 03:16:00,4732,SupportAdmin,User added to Administrators group.
2024-12-02 02:26:00,4720,SupportAdmin,User account created.
2024-12-02 01:12:00,4720,SupportAdmin,User account created.
2024-12-02 03:50:00,4723,SupportAdmin,Password change failed.
2024-12-02 07:24:00,4720,SupportAdmin,User account created.
2024-12-01 09:40:00,4723,TestUser1,Password change failed.
2024-12-01 09:41:00,4732,Admin,User added to Administrators group.
2024-12-01 11:15:00,4723,TestUser1,Password change failed.
2024-12-02 01:57:00,4720,SupportAdmin,User account created.
2024-12-01 20:08:00,4732,HRAdmin,User added to Administrators group.
2024-12-01 19:37:00,4732,TestUser1,User added to Administrators group.
2024-12-01 20:09:00,4723,TestUser1,Password change failed.
2024-12-02 04:58:00,4732,ITAdmin,User added to Administrators group.
2024-12-02 07:09:00,4723,ITAdmin,Password change failed.
2024-12-01 22:20:00,4720,SupportAdmin,User account created.
2024-12-01 11:04:00,4732,TestUser1,User added to Administrators group.
2024-12-01 10:29:00,4732,SupportAdmin,User added to Administrators group.
2024-12-01 09:03:00,4723,SupportAdmin,Password change failed.
2024-12-01 08:46:00,4723,ITAdmin,Password change failed.
2024-12-02 01:53:00,4732,SupportAdmin,User added to Administrators group.
2024-12-01 18:54:00,4723,Admin,Password change failed.
2024-12-01 13:42:00,4720,TestUser1,User account created.
2024-12-01 19:16:00,4720,HRAdmin,User account created.
2024-12-02 03:56:00,4720,Admin,User account created.
2024-12-01 12:14:00,4732,ITAdmin,User added to Administrators group.
2024-12-02 05:27:00,4720,HRAdmin,User account created.
2024-12-02 00:41:00,4732,HRAdmin,User added to Administrators group.
2024-12-02 01:42:00,4720,ITAdmin,User account created.
2024-12-02 03:43:00,4720,Admin,User account created.
2024-12-02 01:16:00,4720,SupportAdmin,User account created.
2024-12-02 01:10:00,4723,Admin,Password change failed.
2024-12-01 19:17:00,4732,ITAdmin,User added to Administrators group.
2024-12-01 09:28:00,4732,ITAdmin,User added to Administrators group.
2024-12-01 21:54:00,4723,Admin,Password change failed.
2024-12-01 22:11:00,4732,HRAdmin,User added to Administrators group.
2024-12-02 02:09:00,4723,TestUser1,Password change failed.
2024-12-01 14:35:00,4720,TestUser1,User account created.
2024-12-01 23:02:00,4723,SupportAdmin,Password change failed.
2024-12-01 21:18:00,4723,HRAdmin,Password change failed.
2024-12-02 07:03:00,4720,SupportAdmin,User account created.
2024-12-02 03:50:00,4723,SupportAdmin,Password change failed.
2024-12-01 15:58:00,4723,ITAdmin,Password change failed.
2024-12-02 00:18:00,4720,ITAdmin,User account created.
2024-12-01 13:40:00,4723,HRAdmin,Password change failed.
2024-12-02 02:35:00,4732,HRAdmin,User added to Administrators group.
2024-12-01 08:15:00,4732,ITAdmin,User added to Administrators group.
2024-12-01 12:59:00,4720,HRAdmin,User account created.
2024-12-01 09:28:00,4720,TestUser1,User account created.
2024-12-01 17:14:00,4720,SupportAdmin,User account created.
2024-12-01 23:30:00,4720,SupportAdmin,User account created.
2024-12-02 07:35:00,4723,TestUser1,Password change failed.
2024-12-01 09:03:00,4723,TestUser1,Password change failed.
2024-12-02 05:49:00,4732,TestUser1,User added to Administrators group.
2024-12-01 18:33:00,4720,TestUser1,User account created.
2024-12-01 19:24:00,4723,TestUser1,Password change failed.
2024-12-01 23:58:00,4732,ITAdmin,User added to Administrators group.
2024-12-01 21:18:00,4720,Admin,User account created.
2024-12-01 20:31:00,4732,HRAdmin,User added to Administrators group.
2024-12-01 18:25:00,4723,SupportAdmin,Password change failed.
2024-12-01 20:29:00,4723,TestUser1,Password change failed.
2024-12-02 04:20:00,4723,SupportAdmin,Password change failed.
2024-12-01 11:06:00,4723,ITAdmin,Password change failed.
2024-12-01 15:44:00,4723,HRAdmin,Password change failed.
2024-12-01 15:02:00,4720,ITAdmin,User account created.
2024-12-01 23:53:00,4720,Admin,User account created.
2024-12-02 02:19:00,4720,ITAdmin,User account created.
2024-12-01 17:42:00,4732,SupportAdmin,User added to Administrators group.
2024-12-01 09:40:00,4732,TestUser1,User added to Administrators group.
2024-12-02 02:05:00,4723,TestUser1,Password change failed.
2024-12-01 11:47:00,4723,SupportAdmin,Password change failed.
2024-12-01 19:21:00,4723,TestUser1,Password change failed.
2024-12-01 12:16:00,4723,ITAdmin,Password change failed.
2024-12-01 09:37:00,4723,Admin,Password change failed.
2024-12-01 19:59:00,4723,ITAdmin,Password change failed.
2024-12-02 05:00:00,4723,Admin,Password change failed.
2024-12-01 21:25:00,4732,HRAdmin,User added to Administrators group.
2024-12-01 09:21:00,4720,Admin,User account created.
2024-12-01 21:33:00,4732,SupportAdmin,User added to Administrators group.
2024-12-02 05:03:00,4732,TestUser1,User added to Administrators group.
2024-12-02 02:28:00,4723,TestUser1,Password change failed.
2024-12-01 22:18:00,4723,HRAdmin,Password change failed.
2024-12-02 01:50:00,4723,TestUser1,Password change failed.
2024-12-02 06:23:00,4720,HRAdmin,User account created.
2024-12-02 01:51:00,4720,TestUser1,User account created.
2024-12-02 01:21:00,4720,ITAdmin,User account created.
2024-12-01 21:32:00,4723,TestUser1,Password change failed.
2024-12-02 00:38:00,4723,Admin,Password change failed.
2024-12-02 03:48:00,4732,TestUser1,User added to Administrators group.
2024-12-02 06:13:00,4732,ITAdmin,User added to Administrators group.
2024-12-01 23:04:00,4720,Admin,User account created.
2024-12-01 18:58:00,4732,HRAdmin,User added to Administrators group.
2024-12-02 02:20:00,4720,HRAdmin,User account created.
2024-12-01 15:46:00,4720,ITAdmin,User account created.
2024-12-02 00:43:00,4732,Admin,User added to Administrators group.
2024-12-02 02:12:00,4732,SupportAdmin,User added to Administrators group.
2024-12-01 13:26:00,4732,SupportAdmin,User added to Administrators group.
2024-12-02 07:33:00,4732,TestUser1,User added to Administrators group.
2024-12-01 22:40:00,4723,SupportAdmin,Password change failed.
2024-12-01 22:25:00,4732,TestUser1,User added to Administrators group.
2024-12-01 21:49:00,4720,Admin,User account created.
2024-12-02 06:49:00,4723,Admin,Password change failed.
2024-12-02 06:31:00,4723,TestUser1,Password change failed.
2024-12-01 22:48:00,4723,Admin,Password change failed.
2024-12-01 15:36:00,4720,Admin,User account created.
2024-12-02 04:39:00,4723,TestUser1,Password change failed.
2024-12-01 17:14:00,4720,HRAdmin,User account created.
2024-12-01 16:54:00,4732,Admin,User added to Administrators group.
2024-12-01 15:41:00,4720,SupportAdmin,User account created.
2024-12-02 03:27:00,4723,ITAdmin,Password change failed.
2024-12-01 23:37:00,4723,SupportAdmin,Password change failed.
2024-12-01 11:37:00,4723,HRAdmin,Password change failed.
2024-12-01 12:13:00,4732,ITAdmin,User added to Administrators group.
2024-12-02 07:33:00,4720,HRAdmin,User account created.
2024-12-02 02:30:00,4723,Admin,Password change failed.
2024-12-01 15:57:00,4723,SupportAdmin,Password change failed.
2024-12-01 12:55:00,4720,TestUser1,User account created.
2024-12-02 07:29:00,4720,SupportAdmin,User account created.
2024-12-01 14:23:00,4723,ITAdmin,Password change failed.
2024-12-01 14:20:00,4720,SupportAdmin,User account created.
2024-12-01 18:52:00,4723,ITAdmin,Password change failed.
2024-12-01 21:12:00,4732,TestUser1,User added to Administrators group.
2024-12-02 02:15:00,4720,HRAdmin,User account created.
2024-12-01 08:08:00,4732,SupportAdmin,User added to Administrators group.
2024-12-02 04:45:00,4723,TestUser1,Password change failed.
2024-12-01 11:47:00,4732,ITAdmin,User added to Administrators group.
2024-12-01 18:35:00,4732,HRAdmin,User added to Administrators group.
2024-12-01 21:41:00,4732,TestUser1,User added to Administrators group.
2024-12-01 16:26:00,4720,Admin,User account created.
2024-12-01 13:28:00,4723,TestUser1,Password change failed.
2024-12-02 06:12:00,4720,TestUser1,User account created.
2024-12-01 16:02:00,4732,HRAdmin,User added to Administrators group.
2024-12-02 02:22:00,4723,ITAdmin,Password change failed.
2024-12-01 22:42:00,4720,TestUser1,User account created.
2024-12-01 08:28:00,4720,ITAdmin,User account created.
2024-12-01 09:04:00,4723,TestUser1,Password change failed.
2024-12-01 20:55:00,4723,HRAdmin,Password change failed.
2024-12-02 01:14:00,4720,TestUser1,User account created.
2024-12-02 00:07:00,4720,ITAdmin,User account created.
2024-12-01 15:39:00,4723,SupportAdmin,Password change failed.
2024-12-01 20:43:00,4723,SupportAdmin,Password change failed.
2024-12-01 22:00:00,4732,HRAdmin,User added to Administrators group.
2024-12-01 13:22:00,4732,HRAdmin,User added to Administrators group.
2024-12-01 14:44:00,4720,SupportAdmin,User account created.
2024-12-02 00:43:00,4723,HRAdmin,Password change failed.
2024-12-02 01:42:00,4720,TestUser1,User account created.
2024-12-01 19:58:00,4720,Admin,User account created.
2024-12-01 18:48:00,4720,SupportAdmin,User account created.
2024-12-01 12:35:00,4723,HRAdmin,Password change failed.
2024-12-02 00:19:00,4732,Admin,User added to Administrators group.
2024-12-01 16:35:00,4723,Admin,Password change failed.
2024-12-02 07:38:00,4732,ITAdmin,User added to Administrators group.
2024-12-02 02:24:00,4732,TestUser1,User added to Administrators group.
2024-12-01 12:35:00,4720,TestUser1,User account created.
2024-12-02 04:58:00,4732,SupportAdmin,User added to Administrators group.
2024-12-01 21:19:00,4720,ITAdmin,User account created.
2024-12-02 03:51:00,4720,Admin,User account created.
2024-12-01 19:05:00,4723,SupportAdmin,Password change failed.
2024-12-01 08:18:00,4732,Admin,User added to Administrators group.
2024-12-01 20:11:00,4720,Admin,User account created.
2024-12-02 07:02:00,4732,HRAdmin,User added to Administrators group.
2024-12-02 04:39:00,4723,HRAdmin,Password change failed.
2024-12-02 00:50:00,4720,ITAdmin,User account created.
2024-12-02 07:11:00,4720,SupportAdmin,User account created.
2024-12-02 03:03:00,4720,TestUser1,User account created.
2024-12-02 02:27:00,4720,Admin,User account created.
2024-12-01 16:36:00,4723,ITAdmin,Password change failed.
2024-12-01 18:43:00,4723,HRAdmin,Password change failed.
2024-12-01 21:29:00,4732,Admin,User added to Administrators group.
2024-12-02 05:46:00,4720,Admin,User account created.
2024-12-01 21:21:00,4720,Admin,User account created.
2024-12-01 14:02:00,4720,HRAdmin,User account created.
2024-12-02 02:47:00,4720,SupportAdmin,User account created.
2024-12-01 17:05:00,4732,Admin,User added to Administrators group.
2024-12-02 04:50:00,4720,Admin,User account created.
2024-12-01 17:01:00,4720,SupportAdmin,User account created.
2024-12-01 14:29:00,4732,HRAdmin,User added to Administrators group.
2024-12-01 23:52:00,4723,Admin,Password change failed.
2024-12-01 08:20:00,4723,Admin,Password change failed.
2024-12-02 03:00:00,4732,TestUser1,User added to Administrators group.
2024-12-01 14:26:00,4720,HRAdmin,User account created.
2024-12-01 23:15:00,4723,SupportAdmin,Password change failed.
2024-12-01 20:38:00,4720,HRAdmin,User account created.
2024-12-01 18:55:00,4720,TestUser1,User account created.
2024-12-01 15:49:00,4723,SupportAdmin,Password change failed.
2024-12-01 18:47:00,4732,HRAdmin,User added to Administrators group.
2024-12-01 09:17:00,4732,HRAdmin,User added to Administrators group.
2024-12-02 01:28:00,4732,TestUser1,User added to Administrators group.
2024-12-02 05:30:00,4720,Admin,User account created.
2024-12-02 06:26:00,4723,Admin,Password change failed.
2024-12-02 04:08:00,4723,Admin,Password change failed.
2024-12-01 16:24:00,4723,Admin,Password change failed.
2024-12-01 20:51:00,4723,Admin,Password change failed.
2024-12-01 20:12:00,4720,Admin,User account created.
2024-12-01 11:14:00,4732,ITAdmin,User added to Administrators group.
2024-12-02 02:04:00,4732,SupportAdmin,User added to Administrators group.
2024-12-01 15:40:00,4723,ITAdmin,Password change failed.
2024-12-01 16:52:00,4720,HRAdmin,User account created.
2024-12-01 09:52:00,4720,Admin,User account created.
2024-12-01 09:20:00,4732,HRAdmin,User added to Administrators group.
2024-12-01 19:39:00,4720,TestUser1,User account created.
2024-12-02 04:41:00,4732,TestUser1,User added to Administrators group.
2024-12-01 18:21:00,4720,Admin,User account created.
2024-12-02 04:53:00,4723,Admin,Password change failed.
2024-12-02 07:50:00,4732,TestUser1,User added to Administrators group.
2024-12-01 14:53:00,4723,HRAdmin,Password change failed.
2024-12-01 09:39:00,4732,SupportAdmin,User added to Administrators group.
2024-12-01 10:20:00,4720,SupportAdmin,User account created.
2024-12-01 22:18:00,4732,TestUser1,User added to Administrators group.
2024-12-01 14:41:00,4732,HRAdmin,User added to Administrators group.
2024-12-02 07:37:00,4723,TestUser1,Password change failed.
2024-12-01 16:16:00,4723,TestUser1,Password change failed.
2024-12-01 14:39:00,4720,HRAdmin,User account created.
2024-12-02 07:28:00,4720,Admin,User account created.
2024-12-01 11:34:00,4723,HRAdmin,Password change failed.
2024-12-02 02:35:00,4720,Admin,User account created.
2024-12-01 18:52:00,4720,ITAdmin,User account created.
2024-12-01 16:01:00,4720,ITAdmin,User account created.
2024-12-01 17:13:00,4720,ITAdmin,User account created.
2024-12-01 21:40:00,4732,HRAdmin,User added to Administrators group.
2024-12-02 04:43:00,4723,ITAdmin,Password change failed.
2024-12-02 03:38:00,4723,TestUser1,Password change failed.
2024-12-02 04:58:00,4732,Admin,User added to Administrators group.
2024-12-01 22:54:00,4723,SupportAdmin,Password change failed.
2024-12-01 12:31:00,4723,ITAdmin,Password change failed.
2024-12-01 09:41:00,4720,Admin,User account created.
2024-12-01 09:16:00,4720,ITAdmin,User account created.
2024-12-01 17:40:00,4723,Admin,Password change failed.
2024-12-02 06:38:00,4720,Admin,User account created.
2024-12-01 16:54:00,4720,TestUser1,User account created.
2024-12-01 09:04:00,4723,TestUser1,Password change failed.
2024-12-02 03:41:00,4723,HRAdmin,Password change failed.
2024-12-01 21:56:00,4720,Admin,User account created.
2024-12-02 07:50:00,4723,ITAdmin,Password change failed.
2024-12-01 10:28:00,4732,TestUser1,User added to Administrators group.
2024-12-02 02:02:00,4720,Admin,User account created.
2024-12-02 07:37:00,4723,HRAdmin,Password change failed.
2024-12-01 11:10:00,4732,HRAdmin,User added to Administrators group.
2024-12-01 10:46:00,4732,TestUser1,User added to Administrators group.
2024-12-02 01:10:00,4723,SupportAdmin,Password change failed.
2024-12-02 02:20:00,4720,HRAdmin,User account created.
2024-12-01 14:05:00,4723,ITAdmin,Password change failed.
2024-12-02 04:05:00,4723,SupportAdmin,Password change failed.
2024-12-01 08:09:00,4720,TestUser1,User account created.
2024-12-01 15:36:00,4732,TestUser1,User added to Administrators group.
2024-12-01 20:01:00,4732,TestUser1,User added to Administrators group.
2024-12-01 22:18:00,4732,TestUser1,User added to Administrators group.
2024-12-02 06:02:00,4732,ITAdmin,User added to Administrators group.
2024-12-01 23:09:00,4732,Admin,User added to Administrators group.
2024-12-01 13:49:00,4723,ITAdmin,Password change failed.
2024-12-01 23:20:00,4720,SupportAdmin,User account created.
2024-12-02 07:14:00,4732,Admin,User added to Administrators group.
2024-12-01 20:10:00,4723,Admin,Password change failed.
2024-12-01 22:17:00,4720,Admin,User account created.
2024-12-02 00:17:00,4732,Admin,User added to Administrators group.
2024-12-01 18:10:00,4732,ITAdmin,User added to Administrators group.
2024-12-01 13:07:00,4723,ITAdmin,Password change failed.
2024-12-01 22:53:00,4732,HRAdmin,User added to Administrators group.
2024-12-01 21:28:00,4720,Admin,User account created.
2024-12-01 22:55:00,4723,Admin,Password change failed.
2024-12-02 00:33:00,4732,TestUser1,User added to Administrators group.
2024-12-02 00:52:00,4732,Admin,User added to Administrators group.
2024-12-01 22:44:00,4732,ITAdmin,User added to Administrators group.
2024-12-02 02:45:00,4723,Admin,Password change failed.
2024-12-02 02:02:00,4723,HRAdmin,Password change failed.
2024-12-01 21:31:00,4723,ITAdmin,Password change failed.
2024-12-01 13:22:00,4732,SupportAdmin,User added to Administrators group.
2024-12-02 00:15:00,4720,TestUser1,User account created.
2024-12-01 15:53:00,4723,HRAdmin,Password change failed.
2024-12-02 04:19:00,4723,Admin,Password change failed.
2024-12-01 23:12:00,4723,ITAdmin,Password change failed.
2024-12-01 15:24:00,4732,Admin,User added to Administrators group.
2024-12-01 10:14:00,4720,HRAdmin,User account created.
2024-12-02 06:11:00,4720,SupportAdmin,User account created.
2024-12-01 16:50:00,4723,Admin,Password change failed.
2024-12-01 11:43:00,4732,ITAdmin,User added to Administrators group.
2024-12-01 21:18:00,4732,Admin,User added to Administrators group.
2024-12-01 21:58:00,4723,SupportAdmin,Password change failed.
2024-12-02 01:57:00,4723,Admin,Password change failed.
2024-12-01 16:12:00,4723,ITAdmin,Password change failed.
2024-12-01 23:15:00,4723,SupportAdmin,Password change failed.
2024-12-02 01:47:00,4732,Admin,User added to Administrators group.
2024-12-01 20:47:00,4732,Admin,User added to Administrators group.
2024-12-01 18:01:00,4732,TestUser1,User added to Administrators group.
2024-12-02 03:05:00,4723,TestUser1,Password change failed.
2024-12-01 17:20:00,4723,ITAdmin,Password change failed.
2024-12-02 07:27:00,4732,TestUser1,User added to Administrators group.
2024-12-01 22:08:00,4732,Admin,User added to Administrators group.
2024-12-01 12:15:00,4732,SupportAdmin,User added to Administrators group.
2024-12-01 17:29:00,4723,ITAdmin,Password change failed.
2024-12-02 03:30:00,4732,ITAdmin,User added to Administrators group.
2024-12-02 07:01:00,4720,SupportAdmin,User account created.
2024-12-02 03:46:00,4720,Admin,User account created.
2024-12-02 07:39:00,4723,Admin,Password change failed.
2024-12-01 09:57:00,4720,Admin,User account created.
2024-12-01 20:40:00,4720,TestUser1,User account created.
2024-12-01 20:12:00,4723,ITAdmin,Password change failed.
2024-12-02 02:34:00,4732,ITAdmin,User added to Administrators group.
2024-12-01 17:38:00,4720,Admin,User account created.
2024-12-01 22:08:00,4732,TestUser1,User added to Administrators group.
2024-12-01 11:41:00,4732,TestUser1,User added to Administrators group.
2024-12-01 14:47:00,4723,ITAdmin,Password change failed.
2024-12-01 16:26:00,4720,TestUser1,User account created.
2024-12-01 12:24:00,4720,ITAdmin,User account created.
2024-12-01 15:46:00,4720,ITAdmin,User account created.
2024-12-01 15:19:00,4723,HRAdmin,Password change failed.
2024-12-01 20:28:00,4723,SupportAdmin,Password change failed.
2024-12-01 08:43:00,4720,Admin,User account created.
2024-12-01 21:11:00,4732,Admin,User added to Administrators group.
2024-12-01 19:02:00,4720,SupportAdmin,User account created.
2024-12-01 20:34:00,4723,SupportAdmin,Password change failed.
2024-12-01 14:38:00,4720,Admin,User account created.
2024-12-01 19:00:00,4732,HRAdmin,User added to Administrators group.
2024-12-02 05:14:00,4732,HRAdmin,User added to Administrators group.
2024-12-01 12:38:00,4732,TestUser1,User added to Administrators group.
2024-12-01 23:46:00,4732,HRAdmin,User added to Administrators group.
2024-12-01 22:04:00,4723,TestUser1,Password change failed.
2024-12-01 18:58:00,4723,ITAdmin,Password change failed.
2024-12-01 13:11:00,4732,SupportAdmin,User added to Administrators group.
2024-12-01 11:34:00,4732,HRAdmin,User added to Administrators group.
2024-12-01 11:52:00,4720,SupportAdmin,User account created.
2024-12-01 22:16:00,4732,TestUser1,User added to Administrators group.
2024-12-02 07:37:00,4720,HRAdmin,User account created.
2024-12-01 08:04:00,4732,HRAdmin,User added to Administrators group.
2024-12-01 12:56:00,4732,SupportAdmin,User added to Administrators group.
2024-12-01 22:40:00,4720,HRAdmin,User account created.
2024-12-01 08:06:00,4732,TestUser1,User added to Administrators group.
2024-12-02 07:03:00,4720,ITAdmin,User account created.
2024-12-02 05:48:00,4723,TestUser1,Password change failed.
2024-12-01 22:50:00,4732,ITAdmin,User added to Administrators group.
2024-12-01 21:57:00,4732,SupportAdmin,User added to Administrators group.
2024-12-02 06:48:00,4720,ITAdmin,User account created.
2024-12-02 01:37:00,4723,SupportAdmin,Password change failed.
2024-12-01 18:05:00,4732,HRAdmin,User added to Administrators group.
2024-12-01 18:14:00,4732,HRAdmin,User added to Administrators group.
2024-12-01 10:20:00,4732,HRAdmin,User added to Administrators group.
2024-12-01 16:29:00,4723,ITAdmin,Password change failed.
2024-12-01 15:04:00,4732,HRAdmin,User added to Administrators group.
2024-12-01 22:33:00,4732,HRAdmin,User added to Administrators group.
2024-12-02 03:36:00,4723,ITAdmin,Password change failed.
2024-12-01 11:34:00,4720,TestUser1,User account created.
2024-12-01 09:29:00,4720,SupportAdmin,User account created.
2024-12-01 13:09:00,4720,ITAdmin,User account created.
2024-12-01 18:58:00,4723,Admin,Password change failed.
2024-12-01 13:25:00,4720,SupportAdmin,User account created.
2024-12-01 10:17:00,4732,TestUser1,User added to Administrators group.
2024-12-01 12:16:00,4732,HRAdmin,User added to Administrators group.
2024-12-02 03:14:00,4723,HRAdmin,Password change failed.
2024-12-01 08:34:00,4732,ITAdmin,User added to Administrators group.
2024-12-02 00:22:00,4732,SupportAdmin,User added to Administrators group.
2024-12-01 19:44:00,4723,HRAdmin,Password change failed.
2024-12-01 19:41:00,4732,ITAdmin,User added to Administrators group.
2024-12-02 04:48:00,4732,ITAdmin,User added to Administrators group.
2024-12-01 08:12:00,4732,Admin,User added to Administrators group.
2024-12-02 01:54:00,4723,HRAdmin,Password change failed.
2024-12-02 05:51:00,4723,ITAdmin,Password change failed.
2024-12-01 12:34:00,4732,HRAdmin,User added to Administrators group.
2024-12-01 10:50:00,4720,HRAdmin,User account created.
2024-12-01 08:46:00,4732,TestUser1,User added to Administrators group.
2024-12-01 19:04:00,4720,ITAdmin,User account created.
2024-12-02 02:36:00,4723,Admin,Password change failed.
2024-12-02 01:16:00,4720,ITAdmin,User account created.
2024-12-02 07:45:00,4723,Admin,Password change failed.
2024-12-02 06:18:00,4720,HRAdmin,User account created.
2024-12-01 21:11:00,4723,SupportAdmin,Password change failed.
2024-12-02 01:20:00,4732,SupportAdmin,User added to Administrators group.
2024-12-01 19:13:00,4720,TestUser1,User account created.
2024-12-01 17:48:00,4732,TestUser1,User added to Administrators group.
2024-12-01 11:28:00,4723,ITAdmin,Password change failed.
2024-12-02 06:02:00,4720,SupportAdmin,User account created.
2024-12-02 07:04:00,4720,TestUser1,User account created.
2024-12-02 01:23:00,4720,SupportAdmin,User account created.
2024-12-01 15:10:00,4723,SupportAdmin,Password change failed.
2024-12-01 10:41:00,4723,HRAdmin,Password change failed.
2024-12-02 05:19:00,4732,SupportAdmin,User added to Administrators group.
2024-12-02 01:15:00,4732,ITAdmin,User added to Administrators group.
2024-12-01 17:01:00,4720,HRAdmin,User account created.
2024-12-02 03:26:00,4720,ITAdmin,User account created.
2024-12-01 08:19:00,4720,ITAdmin,User account created.
2024-12-02 04:55:00,4732,HRAdmin,User added to Administrators group.
2024-12-01 19:57:00,4723,ITAdmin,Password change failed.
2024-12-01 13:52:00,4720,ITAdmin,User account created.
2024-12-01 18:41:00,4723,TestUser1,Password change failed.
2024-12-02 01:59:00,4723,ITAdmin,Password change failed.
2024-12-01 09:03:00,4723,TestUser1,Password change failed.
2024-12-01 21:46:00,4732,TestUser1,User added to Administrators group.
2024-12-01 17:35:00,4720,TestUser1,User account created.
2024-12-02 05:49:00,4723,SupportAdmin,Password change failed.
2024-12-02 07:04:00,4732,ITAdmin,User added to Administrators group.
2024-12-02 01:48:00,4720,HRAdmin,User account created.
2024-12-01 16:28:00,4720,HRAdmin,User account created.
2024-12-01 13:35:00,4723,HRAdmin,Password change failed.
2024-12-02 03:42:00,4720,Admin,User account created.
2024-12-02 05:35:00,4723,SupportAdmin,Password change failed.
2024-12-01 13:07:00,4720,HRAdmin,User account created.
2024-12-01 12:48:00,4732,HRAdmin,User added to Administrators group.
2024-12-01 18:44:00,4723,Admin,Password change failed.
2024-12-01 16:31:00,4723,Admin,Password change failed.
2024-12-02 06:24:00,4720,HRAdmin,User account created.
2024-12-02 02:59:00,4723,HRAdmin,Password change failed.
2024-12-02 06:36:00,4720,Admin,User account created.
2024-12-01 08:37:00,4723,Admin,Password change failed.
2024-12-01 21:09:00,4720,Admin,User account created.
2024-12-02 00:59:00,4723,HRAdmin,Password change failed.
2024-12-01 12:20:00,4720,HRAdmin,User account created.
2024-12-01 10:58:00,4720,SupportAdmin,User account created.
2024-12-01 11:49:00,4732,TestUser1,User added to Administrators group.
2024-12-02 04:51:00,4720,HRAdmin,User account created.
2024-12-01 21:37:00,4732,HRAdmin,User added to Administrators group.
2024-12-01 23:55:00,4720,Admin,User account created.
2024-12-02 01:30:00,4720,ITAdmin,User account created.
2024-12-02 03:15:00,4732,TestUser1,User added to Administrators group.
2024-12-01 21:24:00,4732,TestUser1,User added to Administrators group.
2024-12-01 14:48:00,4720,SupportAdmin,User account created.
2024-12-01 15:07:00,4732,TestUser1,User added to Administrators group.
2024-12-01 15:54:00,4720,ITAdmin,User account created.
2024-12-02 05:41:00,4732,SupportAdmin,User added to Administrators group.
2024-12-02 04:02:00,4732,TestUser1,User added to Administrators group.
2024-12-01 21:30:00,4732,SupportAdmin,User added to Administrators group.
2024-12-01 15:34:00,4720,HRAdmin,User account created.
2024-12-01 11:20:00,4720,HRAdmin,User account created.
2024-12-01 21:23:00,4723,ITAdmin,Password change failed.
2024-12-02 05:51:00,4732,ITAdmin,User added to Administrators group.
2024-12-02 06:24:00,4720,TestUser1,User account created.
2024-12-01 23:51:00,4720,SupportAdmin,User account created.
2024-12-01 12:15:00,4720,Admin,User account created.
2024-12-01 09:02:00,4732,SupportAdmin,User added to Administrators group.
2024-12-01 19:57:00,4732,Admin,User added to Administrators group.
2024-12-02 07:12:00,4732,SupportAdmin,User added to Administrators group.
2024-12-01 13:20:00,4723,HRAdmin,Password change failed.
2024-12-02 00:57:00,4720,Admin,User account created.
2024-12-01 17:29:00,4723,Admin,Password change failed.
2024-12-01 22:09:00,4723,TestUser1,Password change failed.
2024-12-02 01:03:00,4723,ITAdmin,Password change failed.
2024-12-01 22:53:00,4732,TestUser1,User added to Administrators group.
2024-12-02 05:45:00,4732,Admin,User added to Administrators group.
2024-12-01 16:39:00,4720,TestUser1,User account created.
2024-12-01 20:20:00,4720,ITAdmin,User account created.
2024-12-01 22:30:00,4732,Admin,User added to Administrators group.
2024-12-01 08:36:00,4732,ITAdmin,User added to Administrators group.
2024-12-01 12:15:00,4732,HRAdmin,User added to Administrators group.
2024-12-02 05:34:00,4720,SupportAdmin,User account created.
2024-12-01 11:15:00,4723,ITAdmin,Password change failed.
2024-12-01 21:55:00,4732,ITAdmin,User added to Administrators group.
2024-12-02 06:35:00,4720,SupportAdmin,User account created.
2024-12-01 09:25:00,4732,SupportAdmin,User added to Administrators group.
2024-12-01 23:02:00,4723,TestUser1,Password change failed.
2024-12-01 18:17:00,4720,HRAdmin,User account created.
2024-12-01 20:57:00,4723,Admin,Password change failed.
2024-12-01 09:04:00,4720,Admin,User account created.
2024-12-01 18:10:00,4723,SupportAdmin,Password change failed.
2024-12-02 07:11:00,4720,TestUser1,User account created.
2024-12-01 12:18:00,4720,ITAdmin,User account created.
2024-12-01 22:15:00,4723,Admin,Password change failed.
2024-12-01 12:51:00,4723,Admin,Password change failed.
2024-12-01 18:56:00,4732,Admin,User added to Administrators group.
2024-12-01 20:38:00,4732,TestUser1,User added to Administrators group.
2024-12-01 23:29:00,4732,SupportAdmin,User added to Administrators group.
2024-12-02 04:23:00,4732,SupportAdmin,User added to Administrators group.
2024-12-01 10:06:00,4720,HRAdmin,User account created.
2024-12-01 16:20:00,4723,ITAdmin,Password change failed.
2024-12-01 21:47:00,4732,ITAdmin,User added to Administrators group.
2024-12-01 09:00:00,4723,SupportAdmin,Password change failed.
2024-12-01 22:29:00,4723,HRAdmin,Password change failed.
2024-12-02 02:32:00,4720,TestUser1,User account created.
2024-12-01 15:50:00,4732,TestUser1,User added to Administrators group.
2024-12-01 19:37:00,4720,HRAdmin,User account created.
2024-12-02 05:05:00,4720,Admin,User account created.
2024-12-02 00:31:00,4720,ITAdmin,User account created.
2024-12-02 05:32:00,4723,SupportAdmin,Password change failed.
2024-12-01 19:16:00,4732,HRAdmin,User added to Administrators group.
2024-12-02 03:50:00,4723,Admin,Password change failed.
2024-12-01 21:05:00,4723,SupportAdmin,Password change failed.
2024-12-01 21:06:00,4723,ITAdmin,Password change failed.
2024-12-01 12:25:00,4723,Admin,Password change failed.
2024-12-02 06:52:00,4723,Admin,Password change failed.
2024-12-01 20:33:00,4732,SupportAdmin,User added to Administrators group.
2024-12-01 23:11:00,4720,Admin,User account created.
2024-12-02 03:35:00,4732,Admin,User added to Administrators group.
2024-12-02 02:19:00,4720,ITAdmin,User account created.
2024-12-02 03:27:00,4732,SupportAdmin,User added to Administrators group.
2024-12-01 14:07:00,4720,Admin,User account created.
2024-12-01 10:05:00,4723,SupportAdmin,Password change failed.
2024-12-01 16:51:00,4720,ITAdmin,User account created.
2024-12-01 20:00:00,4723,SupportAdmin,Password change failed.
2024-12-01 13:36:00,4720,HRAdmin,User account created.
2024-12-01 12:56:00,4732,TestUser1,User added to Administrators group.
2024-12-01 22:09:00,4720,ITAdmin,User account created.
2024-12-01 18:32:00,4723,SupportAdmin,Password change failed.
2024-12-01 20:19:00,4723,HRAdmin,Password change failed.
2024-12-02 06:20:00,4723,ITAdmin,Password change failed.
2024-12-02 03:32:00,4732,Admin,User added to Administrators group.
2024-12-02 07:53:00,4720,ITAdmin,User account created.
2024-12-01 22:32:00,4720,ITAdmin,User account created.
2024-12-02 06:04:00,4732,Admin,User added to Administrators group.
2024-12-01 14:50:00,4732,TestUser1,User added to Administrators group.
2024-12-01 09:11:00,4723,Admin,Password change failed.
2024-12-01 21:03:00,4723,TestUser1,Password change failed.
2024-12-01 19:17:00,4720,ITAdmin,User account created.
2024-12-02 05:40:00,4720,TestUser1,User account created.
2024-12-01 17:01:00,4720,SupportAdmin,User account created.
2024-12-01 12:20:00,4720,TestUser1,User account created.
2024-12-02 02:57:00,4720,SupportAdmin,User account created.
2024-12-02 02:54:00,4720,Admin,User account created.
2024-12-01 22:41:00,4723,Admin,Password change failed.
2024-12-01 17:26:00,4720,TestUser1,User account created.
2024-12-01 22:56:00,4720,SupportAdmin,User account created.
2024-12-01 19:16:00,4732,ITAdmin,User added to Administrators group.
2024-12-01 15:29:00,4723,SupportAdmin,Password change failed.
2024-12-02 02:31:00,4720,HRAdmin,User account created.
2024-12-02 07:47:00,4720,HRAdmin,User account created.
2024-12-01 23:44:00,4732,SupportAdmin,User added to Administrators group.
2024-12-01 20:41:00,4732,SupportAdmin,User added to Administrators group.
2024-12-01 10:37:00,4720,Admin,User account created.
2024-12-01 20:28:00,4732,HRAdmin,User added to Administrators group.
2024-12-01 12:38:00,4732,SupportAdmin,User added to Administrators group.
2024-12-02 04:29:00,4732,HRAdmin,User added to Administrators group.
2024-12-02 07:50:00,4720,SupportAdmin,User account created.
2024-12-01 21:18:00,4720,ITAdmin,User account created.
2024-12-02 01:56:00,4732,ITAdmin,User added to Administrators group.
2024-12-02 04:00:00,4720,Admin,User account created.
2024-12-01 12:25:00,4720,ITAdmin,User account created.
2024-12-02 06:08:00,4720,ITAdmin,User account created.
2024-12-01 13:12:00,4732,Admin,User added to Administrators group.
2024-12-02 03:06:00,4732,SupportAdmin,User added to Administrators group.
2024-12-01 08:10:00,4732,TestUser1,User added to Administrators group.
2024-12-01 09:30:00,4723,ITAdmin,Password change failed.
2024-12-01 16:29:00,4732,TestUser1,User added to Administrators group.
2024-12-01 10:41:00,4720,SupportAdmin,User account created.
2024-12-01 19:55:00,4732,HRAdmin,User added to Administrators group.
2024-12-01 21:09:00,4732,HRAdmin,User added to Administrators group.
2024-12-01 16:40:00,4720,TestUser1,User account created.
2024-12-01 13:33:00,4732,ITAdmin,User added to Administrators group.
2024-12-02 06:01:00,4732,Admin,User added to Administrators group.
2024-12-01 20:02:00,4720,ITAdmin,User account created.
2024-12-01 23:52:00,4732,TestUser1,User added to Administrators group.
2024-12-01 14:48:00,4720,TestUser1,User account created.
2024-12-01 21:30:00,4720,SupportAdmin,User account created.
2024-12-01 20:38:00,4732,Admin,User added to Administrators group.
2024-12-01 22:01:00,4723,Admin,Password change failed.
2024-12-01 20:40:00,4732,HRAdmin,User added to Administrators group.
2024-12-01 08:04:00,4720,HRAdmin,User account created.
2024-12-01 16:19:00,4732,Admin,User added to Administrators group.
2024-12-02 04:49:00,4723,TestUser1,Password change failed.
2024-12-02 01:29:00,4720,SupportAdmin,User account created.
2024-12-01 15:47:00,4723,Admin,Password change failed.
2024-12-01 13:18:00,4732,TestUser1,User added to Administrators group.
2024-12-01 12:51:00,4732,TestUser1,User added to Administrators group.
2024-12-01 18:26:00,4732,ITAdmin,User added to Administrators group.
2024-12-01 21:25:00,4723,TestUser1,Password change failed.
2024-12-02 01:09:00,4723,TestUser1,Password change failed.
2024-12-01 15:21:00,4732,TestUser1,User added to Administrators group.
2024-12-01 19:54:00,4732,HRAdmin,User added to Administrators group.
2024-12-01 20:11:00,4723,HRAdmin,Password change failed.
2024-12-02 03:34:00,4720,TestUser1,User account created.
2024-12-01 12:14:00,4720,SupportAdmin,User account created.
2024-12-02 04:13:00,4723,TestUser1,Password change failed.
2024-12-02 03:52:00,4732,SupportAdmin,User added to Administrators group.
2024-12-01 08:35:00,4720,ITAdmin,User account created.
2024-12-02 04:51:00,4732,HRAdmin,User added to Administrators group.
2024-12-01 23:52:00,4732,TestUser1,User added to Administrators group.
2024-12-01 22:39:00,4720,ITAdmin,User account created.
2024-12-02 04:12:00,4723,HRAdmin,Password change failed.
2024-12-02 03:26:00,4732,SupportAdmin,User added to Administrators group.
2024-12-01 23:56:00,4720,ITAdmin,User account created.
2024-12-01 22:52:00,4723,TestUser1,Password change failed.
2024-12-01 09:55:00,4732,ITAdmin,User added to Administrators group.
2024-12-02 00:02:00,4723,Admin,Password change failed.
2024-12-01 20:28:00,4723,Admin,Password change failed.
2024-12-01 08:45:00,4720,TestUser1,User account created.
2024-12-01 08:16:00,4720,TestUser1,User account created.
2024-12-01 16:26:00,4720,HRAdmin,User account created.
2024-12-01 10:02:00,4720,HRAdmin,User account created.
2024-12-01 13:21:00,4720,SupportAdmin,User account created.
2024-12-02 03:18:00,4720,ITAdmin,User account created.
2024-12-01 09:49:00,4732,HRAdmin,User added to Administrators group.
2024-12-02 01:12:00,4723,Admin,Password change failed.
2024-12-02 00:53:00,4723,Admin,Password change failed.
2024-12-01 21:39:00,4723,HRAdmin,Password change failed.
2024-12-01 10:13:00,4723,TestUser1,Password change failed.
2024-12-01 13:07:00,4732,ITAdmin,User added to Administrators group.
2024-12-01 15:13:00,4723,HRAdmin,Password change failed.
2024-12-01 18:08:00,4723,Admin,Password change failed.
2024-12-01 09:28:00,4720,ITAdmin,User account created.
2024-12-02 06:12:00,4732,SupportAdmin,User added to Administrators group.
2024-12-02 03:55:00,4723,ITAdmin,Password change failed.
2024-12-02 04:00:00,4723,SupportAdmin,Password change failed.
2024-12-01 13:48:00,4720,HRAdmin,User account created.
2024-12-01 12:23:00,4732,SupportAdmin,User added to Administrators group.
2024-12-01 19:42:00,4723,ITAdmin,Password change failed.
2024-12-02 07:19:00,4723,ITAdmin,Password change failed.
2024-12-01 15:57:00,4720,SupportAdmin,User account created.
2024-12-01 10:37:00,4732,TestUser1,User added to Administrators group.
2024-12-01 17:54:00,4732,HRAdmin,User added to Administrators group.
2024-12-01 19:55:00,4723,TestUser1,Password change failed.
2024-12-01 11:27:00,4723,Admin,Password change failed.
2024-12-01 14:15:00,4720,HRAdmin,User account created.
2024-12-02 02:12:00,4720,ITAdmin,User account created.
2024-12-02 06:56:00,4723,Admin,Password change failed.
2024-12-01 19:26:00,4732,Admin,User added to Administrators group.
2024-12-01 10:31:00,4720,HRAdmin,User account created.
2024-12-01 08:54:00,4732,HRAdmin,User added to Administrators group.
2024-12-02 05:59:00,4723,ITAdmin,Password change failed.
2024-12-02 07:51:00,4723,Admin,Password change failed.
2024-12-02 03:02:00,4723,ITAdmin,Password change failed.
2024-12-01 23:06:00,4720,ITAdmin,User account created.
2024-12-02 03:37:00,4732,HRAdmin,User added to Administrators group.
2024-12-01 19:22:00,4723,TestUser1,Password change failed.
2024-12-01 15:18:00,4720,ITAdmin,User account created.
2024-12-02 05:51:00,4723,HRAdmin,Password change failed.
2024-12-01 20:56:00,4723,ITAdmin,Password change failed.
2024-12-01 17:18:00,4732,TestUser1,User added to Administrators group.
2024-12-02 00:41:00,4723,TestUser1,Password change failed.
2024-12-01 22:10:00,4723,ITAdmin,Password change failed.
2024-12-01 19:16:00,4723,Admin,Password change failed.
2024-12-01 22:40:00,4720,HRAdmin,User account created.
2024-12-01 16:46:00,4732,Admin,User added to Administrators group.
2024-12-02 04:51:00,4723,ITAdmin,Password change failed.
2024-12-01 08:32:00,4732,Admin,User added to Administrators group.
2024-12-02 07:05:00,4720,ITAdmin,User account created.
2024-12-02 00:36:00,4723,TestUser1,Password change failed.
2024-12-02 05:46:00,4720,HRAdmin,User account created.
2024-12-01 16:02:00,4720,HRAdmin,User account created.
2024-12-02 00:04:00,4732,Admin,User added to Administrators group.
2024-12-01 09:00:00,4723,ITAdmin,Password change failed.
